id;isbn;title;year
B-001;978-617-12-0001-1;Кобзар;1840
B-002;978-617-12-0002-8;Тигролови;1944
B-003;978-617-12-0003-5;Захар Беркут;1883
B-004;978-617-12-0004-2;Лісова пісня;1911
B-005;978-617-12-0005-9;Місто;1928
B-006;978-617-12-0006-6;Кайдашева сім'я;1879
B-007;978-617-12-0007-3;Чорна рада;1857
B-008;978-617-12-0008-0;Енеїда;1798
B-009;978-617-12-0009-7;Земля;1902
B-010;978-617-12-0010-3;Intermezzo;1908
B-011;978-617-12-0011-0;Неправильний рік;abc
B-012;978-617-12-0012-7
B-013;;Порожній ISBN;2000